Covered_Recipient_Specialty_1,total_payment,median_payment,number_of_payments
Allopathic & Osteopathic Physicians|Orthopaedic Surgery,12332588.24,31.645,7246
Allopathic & Osteopathic Physicians|Orthopaedic Surgery|Sports Medicine,7051704.88,38.02,2116
Allopathic & Osteopathic Physicians|Psychiatry & Neurology|Neurology,6376037.42,20.08,3438
Allopathic & Osteopathic Physicians|Plastic Surgery,1904620.2900000003,40.03,504
Allopathic & Osteopathic Physicians|Orthopaedic Surgery|Foot and Ankle Surgery,1448463.93,124.82,661
Allopathic & Osteopathic Physicians|Urology,1005255.38,17.38,7001
Allopathic & Osteopathic Physicians|Radiology|Diagnostic Radiology,829579.56,25.16,1085
Allopathic & Osteopathic Physicians|Thoracic Surgery (Cardiothoracic Vascular Surgery),805478.27,33.635,756
Allopathic & Osteopathic Physicians|Internal Medicine|Hematology & Oncology,787547.85,18.0,3351
Allopathic & Osteopathic Physicians|Neurological Surgery,730838.95,26.814999999999998,1074
Dental Providers|Dentist|Orthodontics and Dentofacial Orthopedics,722593.39,22.5,1060
Allopathic & Osteopathic Physicians|Obstetrics & Gynecology,704014.3,16.74,7048
Allopathic & Osteopathic Physicians|Pediatrics,694230.3099999999,15.844999999999999,808
Allopathic & Osteopathic Physicians|Surgery,672891.4,22.7,2534
Allopathic & Osteopathic Physicians|Orthopaedic Surgery|Orthopaedic Surgery of the Spine,665127.9,41.89,281
Allopathic & Osteopathic Physicians|Internal Medicine,655483.3099999999,14.93,9131
Allopathic & Osteopathic Physicians|Internal Medicine|Cardiovascular Disease,642375.78,15.63,3005
Podiatric Medicine & Surgery Service Providers|Podiatrist|Foot & Ankle Surgery,602883.13,23.13,1603
Dental Providers|Dentist,521856.56,22.32,2629
Allopathic & Osteopathic Physicians|Ophthalmology,505182.9,361.14,226
Dental Providers|Dentist|Oral and Maxillofacial Surgery,482984.3,20.31,839
Podiatric Medicine & Surgery Service Providers|Podiatrist,464726.24,21.63,741
Allopathic & Osteopathic Physicians|Internal Medicine|Medical Oncology,457765.66,19.13,925
Allopathic & Osteopathic Physicians|Orthopaedic Surgery|Hand Surgery,444554.01,80.18,666
Dental Providers|Dentist|General Practice,409280.98,22.195,3382
Eye and Vision Services Providers|Optometrist,403453.57,64.13,278
Allopathic & Osteopathic Physicians|Anesthesiology,373439.31,17.68,2876
Allopathic & Osteopathic Physicians|Orthopaedic Surgery|Orthopaedic Trauma,315008.99,135.81,173
Allopathic & Osteopathic Physicians|Family Medicine,313572.84,14.6,9916
Allopathic & Osteopathic Physicians|Internal Medicine|Gastroenterology,306907.47,16.43,1599
Allopathic & Osteopathic Physicians|Surgery|Vascular Surgery,266738.85,20.53,435
Allopathic & Osteopathic Physicians|Internal Medicine|Pulmonary Disease,252370.3,18.92,959
Allopathic & Osteopathic Physicians|Internal Medicine|Nephrology,252288.5,36.64,341
Allopathic & Osteopathic Physicians|Orthopaedic Surgery|Adult Reconstructive Orthopaedic Surgery,203390.62,92.36,153
Allopathic & Osteopathic Physicians|General Practice,200829.88999999998,16.955,466
Allopathic & Osteopathic Physicians|Radiology|Vascular & Interventional Radiology,198818.27,28.67,195
Allopathic & Osteopathic Physicians|Anesthesiology|Pain Medicine,196631.91,16.2,3572
Allopathic & Osteopathic Physicians|Emergency Medicine,190471.74,21.23,397
Allopathic & Osteopathic Physicians|Internal Medicine|Interventional Cardiology,175673.93,16.49,907
Allopathic & Osteopathic Physicians|Pediatrics|Pediatric Hematology-Oncology,169830.85,179.34,74
Allopathic & Osteopathic Physicians|Internal Medicine|Infectious Disease,169399.27,22.34,315
Allopathic & Osteopathic Physicians|Oral & Maxillofacial Surgery,164025.7,21.21,218
Allopathic & Osteopathic Physicians|Radiology|Radiation Oncology,151535.54,16.93,467
Dental Providers|Dentist|Prosthodontics,140562.88,47.92,202
Allopathic & Osteopathic Physicians|Surgery|Surgery of the Hand,130862.37,125.315,114
Allopathic & Osteopathic Physicians|Internal Medicine|Hospice and Palliative Medicine,127062.16,24.68,19
Allopathic & Osteopathic Physicians|Dermatology,120737.46,17.14,596
Allopathic & Osteopathic Physicians|Pain Medicine|Interventional Pain Medicine,111690.39,16.42,1698
Podiatric Medicine & Surgery Service Providers|Podiatrist|Primary Podiatric Medicine,107680.73,120.89,112
Allopathic & Osteopathic Physicians|Pain Medicine|Pain Medicine,98950.68000000001,18.810000000000002,526
Allopathic & Osteopathic Physicians|Obstetrics & Gynecology|Gynecologic Oncology,92401.55,27.85,163
Dental Providers|Dentist|Periodontics,92173.63,22.555,512
Allopathic & Osteopathic Physicians|Ophthalmology|Retina Specialist,91899.55,722.28,32
"Allopathic & Osteopathic Physicians|Internal Medicine|Endocrinology, Diabetes & Metabolism",91058.31,15.42,939
Allopathic & Osteopathic Physicians|Obstetrics & Gynecology|Gynecology,86443.64,17.65,435
Allopathic & Osteopathic Physicians|Surgery|Plastic and Reconstructive Surgery,84651.05,34.315,198
Allopathic & Osteopathic Physicians|Psychiatry & Neurology|Neurology with Special Qualifications in Child Neurology,82897.98,21.689999999999998,310
Allopathic & Osteopathic Physicians|Internal Medicine|Critical Care Medicine,82618.86,21.24,142
Allopathic & Osteopathic Physicians|Physical Medicine & Rehabilitation,77848.04,15.985,2118
Allopathic & Osteopathic Physicians|Obstetrics & Gynecology|Reproductive Endocrinology,71623.88,18.71,826
Allopathic & Osteopathic Physicians|Psychiatry & Neurology|Psychiatry,66023.66,23.155,144
Allopathic & Osteopathic Physicians|Internal Medicine|Advanced Heart Failure and Transplant Cardiology,65354.04,1040.0,63
Allopathic & Osteopathic Physicians|Pathology|Clinical Pathology/Laboratory Medicine,59066.39,3161.25,22
Allopathic & Osteopathic Physicians|Radiology|Neuroradiology,57242.93,26.6,59
Allopathic & Osteopathic Physicians|Colon & Rectal Surgery,54225.64,20.74,251
Allopathic & Osteopathic Physicians|Surgery|Surgical Critical Care,52788.11,32.45,121
Allopathic & Osteopathic Physicians|Pathology|Anatomic Pathology & Clinical Pathology,52061.31,21.29,162
Allopathic & Osteopathic Physicians|Orthopaedic Surgery|Pediatric Orthopaedic Surgery,51433.36,35.48,63
Allopathic & Osteopathic Physicians|Family Medicine|Sports Medicine,51147.21,17.19,321
Allopathic & Osteopathic Physicians|Internal Medicine|Rheumatology,47616.32,16.19,170
Allopathic & Osteopathic Physicians|Allergy & Immunology|Allergy,38056.1,19.98,18
Allopathic & Osteopathic Physicians|Physical Medicine & Rehabilitation|Pain Medicine,36224.75,17.42,709
Allopathic & Osteopathic Physicians|Physical Medicine & Rehabilitation|Sports Medicine,30954.07,47.0,63
Allopathic & Osteopathic Physicians|Pediatrics|Pediatric Endocrinology,29623.57,18.42,133
Allopathic & Osteopathic Physicians|Otolaryngology,28514.72,22.62,139
Allopathic & Osteopathic Physicians|Surgery|Surgical Oncology,27408.670000000002,25.91,95
Allopathic & Osteopathic Physicians|Pediatrics|Pediatric Infectious Diseases,26594.28,1468.64,10
Allopathic & Osteopathic Physicians|Nuclear Medicine,26071.2,61.8,30
Dental Providers|Dentist|Pediatric Dentistry,26040.11,21.060000000000002,170
Allopathic & Osteopathic Physicians|Internal Medicine|Clinical Cardiac Electrophysiology,25836.47,20.24,141
Allopathic & Osteopathic Physicians|Allergy & Immunology,25439.42,17.07,132
Allopathic & Osteopathic Physicians|Clinical Pharmacology,24860.0,3080.0,6
Eye and Vision Services Providers|Optometrist|Corneal and Contact Management,24146.120000000003,53.14,19
Allopathic & Osteopathic Physicians|Pathology|Anatomic Pathology,23650.59,160.1,26
Allopathic & Osteopathic Physicians|Pediatrics|Pediatric Critical Care Medicine,23163.16,156.815,24
Allopathic & Osteopathic Physicians|Transplant Surgery,22362.440000000002,41.79,36
Allopathic & Osteopathic Physicians|Obstetrics & Gynecology|Obstetrics,19798.2,16.18,192
Allopathic & Osteopathic Physicians|Internal Medicine|Hypertension Specialist,19780.46,206.125,12
Allopathic & Osteopathic Physicians|Anesthesiology|Critical Care Medicine,19354.91,28.805,28
Allopathic & Osteopathic Physicians|Surgery|Trauma Surgery,18760.010000000002,24.485,126
Allopathic & Osteopathic Physicians|Plastic Surgery|Surgery of the Hand,17359.83,33.92,42
Allopathic & Osteopathic Physicians|Internal Medicine|Hematology,16997.920000000002,18.59,61
Allopathic & Osteopathic Physicians|Neuromusculoskeletal Medicine & OMM,15919.54,24.335,32
Allopathic & Osteopathic Physicians|Obstetrics & Gynecology|Urogynecology and Reconstructive Pelvic Surgery,15365.710000000001,17.55,154
Allopathic & Osteopathic Physicians|Psychiatry & Neurology|Clinical Neurophysiology,12205.88,21.165,84
Podiatric Medicine & Surgery Service Providers|Podiatrist|Foot Surgery,11484.25,19.09,131
Allopathic & Osteopathic Physicians|Dermatology|Procedural Dermatology,10928.88,15.8,25
Allopathic & Osteopathic Physicians|Radiology|Nuclear Radiology,10497.05,74.52,12
Allopathic & Osteopathic Physicians|Surgery|Pediatric Surgery,10456.46,17.16,62
Allopathic & Osteopathic Physicians|Radiology|Body Imaging,10321.710000000001,39.73,25
Allopathic & Osteopathic Physicians|Hospitalist,10196.75,18.46,114
Allopathic & Osteopathic Physicians|Pediatrics|Pediatric Pulmonology,9942.71,17.69,15
Allopathic & Osteopathic Physicians|Pathology|Molecular Genetic Pathology,9743.89,1340.5,4
Allopathic & Osteopathic Physicians|Urology|Urogynecology and Reconstructive Pelvic Surgery,8782.6,15.32,32
Allopathic & Osteopathic Physicians|Pediatrics|Pediatric Nephrology,6769.839999999999,20.67,6
Allopathic & Osteopathic Physicians|Ophthalmology|Cornea and External Diseases Specialist,6226.44,115.32,3
Allopathic & Osteopathic Physicians|Physical Medicine & Rehabilitation|Spinal Cord Injury Medicine,6170.37,3085.185,2
Allopathic & Osteopathic Physicians|Preventive Medicine|Undersea and Hyperbaric Medicine,5668.900000000001,18.19,53
Dental Providers|Dentist|Oral and Maxillofacial Radiology,5155.17,237.92000000000002,6
Allopathic & Osteopathic Physicians|Internal Medicine|Geriatric Medicine,4909.88,15.76,129
Allopathic & Osteopathic Physicians|Otolaryngology|Sleep Medicine,4718.18,13.6,7
Chiropractic Providers|Chiropractor,4678.55,20.995,60
Dental Providers|Dentist|Endodontics,4646.66,21.2,50
Allopathic & Osteopathic Physicians|Preventive Medicine|Preventive Medicine/Occupational Environmental Medicine,4586.1900000000005,975.0,3
Allopathic & Osteopathic Physicians|Pediatrics|Pediatric Cardiology,4425.93,40.260000000000005,44
Allopathic & Osteopathic Physicians|Pathology|Blood Banking & Transfusion Medicine,4073.35,750.0,5
Allopathic & Osteopathic Physicians|Pediatrics|Neonatal-Perinatal Medicine,3851.92,38.275,6
Allopathic & Osteopathic Physicians|Psychiatry & Neurology|Pain Medicine,3703.05,18.6,75
Allopathic & Osteopathic Physicians|Plastic Surgery|Plastic Surgery Within the Head and Neck,3474.53,110.86,5
Allopathic & Osteopathic Physicians|Pediatrics|Adolescent Medicine,3400.57,17.5,51
Allopathic & Osteopathic Physicians|Radiology|Therapeutic Radiology,3237.73,19.415,12
Allopathic & Osteopathic Physicians|Radiology|Pediatric Radiology,3211.47,26.6,14
Allopathic & Osteopathic Physicians|Dermatology|MOHS-Micrographic Surgery,3102.6600000000003,16.89,31
Allopathic & Osteopathic Physicians|Pathology|Clinical Pathology,3041.16,24.98,3
Allopathic & Osteopathic Physicians|Emergency Medicine|Medical Toxicology,3033.34,1516.67,2
Allopathic & Osteopathic Physicians|Medical Genetics|Clinical Biochemical Genetics,3000.0,1500.0,2
Allopathic & Osteopathic Physicians|Medical Genetics|Molecular Genetic Pathology,2854.0,1427.0,2
Allopathic & Osteopathic Physicians|Pediatrics|Pediatric Emergency Medicine,2833.12,35.0,24
Allopathic & Osteopathic Physicians|Emergency Medicine|Pediatric Emergency Medicine,2819.37,1409.685,2
Allopathic & Osteopathic Physicians|Pathology|Cytopathology,2545.4599999999996,15.575,4
Allopathic & Osteopathic Physicians|Ophthalmology|Ophthalmic Plastic and Reconstructive Surgery,2365.91,177.515,4
Allopathic & Osteopathic Physicians|Preventive Medicine|Occupational Medicine,2269.23,53.425,6
Allopathic & Osteopathic Physicians|Family Medicine|Adult Medicine,2105.68,13.26,103
Allopathic & Osteopathic Physicians|Ophthalmology|Uveitis and Ocular Inflammatory Disease,2000.0,2000.0,1
Allopathic & Osteopathic Physicians|Medical Genetics|Clinical Genetics (M.D.),1892.75,21.814999999999998,8
Allopathic & Osteopathic Physicians|Psychiatry & Neurology|Child & Adolescent Psychiatry,1868.13,22.06,7
Allopathic & Osteopathic Physicians|Otolaryngology|Pediatric Otolaryngology,1729.51,23.715,6
Allopathic & Osteopathic Physicians|Internal Medicine|Adolescent Medicine,1700.6299999999999,14.31,47
Allopathic & Osteopathic Physicians|Obstetrics & Gynecology|Maternal & Fetal Medicine,1592.94,17.03,31
Allopathic & Osteopathic Physicians|Pediatrics|Sports Medicine,1587.29,35.620000000000005,14
"Allopathic & Osteopathic Physicians|Neuromusculoskeletal Medicine, Sports Medicine",1582.45,19.345,24
Allopathic & Osteopathic Physicians|Emergency Medicine|Emergency Medical Services,1542.3700000000001,17.105,16
Dental Providers|Dentist|Oral and Maxillofacial Pathology,1440.07,25.21,38
Allopathic & Osteopathic Physicians|Emergency Medicine|Undersea and Hyperbaric Medicine,1406.99,17.265,12
Allopathic & Osteopathic Physicians|Dermatology|Dermatopathology,1318.8799999999999,15.44,15
Allopathic & Osteopathic Physicians|Internal Medicine|Transplant Hepatology,1133.58,41.79,3
Allopathic & Osteopathic Physicians|Preventive Medicine|Public Health & General Preventive Medicine,1062.85,122.465,6
Allopathic & Osteopathic Physicians|Internal Medicine|Allergy & Immunology,1046.82,19.65,12
Allopathic & Osteopathic Physicians|Preventive Medicine|Aerospace Medicine,899.86,18.63,4
Podiatric Medicine & Surgery Service Providers|Podiatrist|Sports Medicine,893.41,19.7,6
Allopathic & Osteopathic Physicians|Anesthesiology|Pediatric Anesthesiology,820.61,61.78,5
Allopathic & Osteopathic Physicians|Nuclear Medicine|Nuclear Cardiology,749.55,16.165,22
Allopathic & Osteopathic Physicians|Family Medicine|Geriatric Medicine,644.65,14.97,41
Allopathic & Osteopathic Physicians|Otolaryngology|Otology & Neurotology,613.08,168.07,4
Allopathic & Osteopathic Physicians|Internal Medicine|Sleep Medicine,582.83,16.54,27
Dental Providers|Dentist|Dental Public Health,517.79,22.71,11
Allopathic & Osteopathic Physicians|Ophthalmology|Glaucoma Specialist,481.61,481.61,1
Allopathic & Osteopathic Physicians|Internal Medicine|Hepatology,441.44,28.91,5
Allopathic & Osteopathic Physicians|Urology|Pediatric Urology,396.88,20.32,15
Allopathic & Osteopathic Physicians|Pediatrics|Pediatric Gastroenterology,300.06,6.15,20
Allopathic & Osteopathic Physicians|Otolaryngology|Facial Plastic Surgery,273.59999999999997,18.51,9
Allopathic & Osteopathic Physicians|Emergency Medicine|Sports Medicine,266.56,20.27,4
Allopathic & Osteopathic Physicians|Psychiatry & Neurology|Sleep Medicine,264.94,16.58,11
Dental Providers|Advanced Practice Dental Therapist,263.33,263.33,1
Allopathic & Osteopathic Physicians|Nuclear Medicine|Nuclear Imaging & Therapy,242.25,22.74,7
Allopathic & Osteopathic Physicians|Otolaryngology|Plastic Surgery within the Head & Neck,227.66,15.975000000000001,8
Allopathic & Osteopathic Physicians|Psychiatry & Neurology|Neuromuscular Medicine,205.1,17.049999999999997,12
Allopathic & Osteopathic Physicians|Internal Medicine|Obesity Medicine,205.05,6.04,23
Allopathic & Osteopathic Physicians|Pediatrics|Pediatric Allergy/Immunology,204.44,14.93,9
Allopathic & Osteopathic Physicians|Pediatrics|Neurodevelopmental Disabilities,197.29,18.375,10
Allopathic & Osteopathic Physicians|Physical Medicine & Rehabilitation|Pediatric Rehabilitation Medicine,180.14000000000001,56.4,3
Allopathic & Osteopathic Physicians|Otolaryngology|Otolaryngology/Facial Plastic Surgery,145.44,15.28,7
Dental Providers|Denturist,130.31,20.27,3
Allopathic & Osteopathic Physicians|Psychiatry & Neurology|Vascular Neurology,127.46000000000001,20.21,7
Allopathic & Osteopathic Physicians|Family Medicine|Adolescent Medicine,118.72,6.76,14
Allopathic & Osteopathic Physicians|Psychiatry & Neurology|Geriatric Psychiatry,115.81,115.81,1
Dental Providers|Dentist|Dental Anesthesiology,115.48,115.48,1
Allopathic & Osteopathic Physicians|Psychiatry & Neurology|Diagnostic Neuroimaging,107.84,17.48,6
Allopathic & Osteopathic Physicians|Obstetrics & Gynecology|Hospice and Palliative Medicine,104.66,13.92,7
Allopathic & Osteopathic Physicians|Psychiatry & Neurology|Neurocritical Care,103.59,103.59,1
Allopathic & Osteopathic Physicians|Allergy & Immunology|Clinical & Laboratory Immunology,84.00999999999999,16.74,5
Allopathic & Osteopathic Physicians|Dermatology|Clinical & Laboratory Dermatological Immunology,77.19,14.65,5
Allopathic & Osteopathic Physicians|Psychiatry & Neurology|Sports Medicine,75.0,75.0,1
Allopathic & Osteopathic Physicians|Pediatrics|Developmental - Behavioral Pediatrics,67.59,16.875,4
Allopathic & Osteopathic Physicians|Obstetrics & Gynecology|Critical Care Medicine,67.09,16.78,4
Allopathic & Osteopathic Physicians|Family Medicine|Obesity Medicine,61.22,6.03,13
Allopathic & Osteopathic Physicians|Preventive Medicine|Addiction Medicine,60.49,60.49,1
Allopathic & Osteopathic Physicians|Psychiatry & Neurology|Forensic Psychiatry,57.82,28.91,2
Allopathic & Osteopathic Physicians|Family Medicine|Hospice and Palliative Medicine,50.72,18.38,3
Allopathic & Osteopathic Physicians|Pediatrics|Sleep Medicine,49.75,49.75,1
Allopathic & Osteopathic Physicians|Pathology|Hematology,44.94,44.94,1
Allopathic & Osteopathic Physicians|Internal Medicine|Addiction Medicine,42.49,14.22,3
Allopathic & Osteopathic Physicians|Anesthesiology|Addiction Medicine,39.65,19.825,2
Allopathic & Osteopathic Physicians|Internal Medicine|Adult Congenital Heart Disease,39.33,19.665,2
Allopathic & Osteopathic Physicians|Family Medicine|Addiction Medicine,36.61,18.305,2
Allopathic & Osteopathic Physicians|Physical Medicine & Rehabilitation|Hospice and Palliative Medicine,35.59,6.88,5
Allopathic & Osteopathic Physicians|Dermatology|Pediatric Dermatology,31.080000000000002,15.540000000000001,2
Allopathic & Osteopathic Physicians|Pathology|Dermatopathology,30.71,15.355,2
Allopathic & Osteopathic Physicians|Radiology|Diagnostic Ultrasound,30.2,30.2,1
Chiropractic Providers|Chiropractor|Neurology,26.01,26.01,1
Allopathic & Osteopathic Physicians|Independent Medical Examiner,24.88,24.88,1
Allopathic & Osteopathic Physicians|Radiology|Diagnostic Neuroimaging,22.53,22.53,1
Allopathic & Osteopathic Physicians|Pathology|Neuropathology,19.41,19.41,1
Allopathic & Osteopathic Physicians|Internal Medicine|Sports Medicine,18.91,18.91,1
Allopathic & Osteopathic Physicians|Surgery|Hospice and Palliative Medicine,17.43,17.43,1
Allopathic & Osteopathic Physicians|Pediatrics|Pediatric Rheumatology,16.25,16.25,1
Allopathic & Osteopathic Physicians|Psychiatry & Neurology|Addiction Medicine,13.29,13.29,1
Allopathic & Osteopathic Physicians|Pathology|Pediatric Pathology,12.76,12.76,1
Dental Providers|Dental Assistant,11.57,11.57,1
Allopathic & Osteopathic Physicians|Family Medicine|Sleep Medicine,11.55,11.55,1
